<?xml version="1.0" encoding="UTF-8"?>
<!DOCTYPE hibernate-configuration PUBLIC
	"-//Hibernate/Hibernate Configuration DTD 3.0//EN"
	"http://hibernate.sourceforge.net/hibernate-configuration-3.0.dtd">
<hibernate-configuration>
	<session-factory>
	<property name="dialect">org.hibernate.dialect.Oracle9Dialect</property>
  <property name="connection.url">jdbc:oracle:thin:@localhost:1521:xe</property>
  <property name="connection.username">system</property>
  <property name="connection.password">1234</property>
  <property name="connection.driver_class">oracle.jdbc.driver.OracleDriver</property>
<property name="hibernate.hbm2ddl.auto">update</property>
<property name="show-sql">true</property>		
		<mapping class="User1"></mapping>		
	</session-factory>
</hibernate-configuration>
